{
  "loc": [
    {
      "SAP_Location": "01--1-1",
      "position": {
        "x": -0.3500648951103482,
        "y": -0.9298030451779424,
        "z": 0.0
      },
      "orientation": {
        "x": 0.0,
        "y": 0.0,
        "z": 0.0794786626651789,
        "w": 0.9968365674376892
      }
    },
    {
      "SAP_Location": "02--5-1",
      "position": {
        "x": 1.3326289991865394,
        "y": -0.6131433935766251,
        "z": 0.0
      },
      "orientation": {
        "x": 0.0,
        "y": 0.0,
        "z": 0.08600906980525391,
        "w": 0.9962943540496629
      }
    },
    {
      "SAP_Location": "03--5-1",
      "position": {
        "x": 2.3326289991865394,
        "y": -0.6131433935766251,
        "z": 0.0
      },
      "orientation": {
        "x": 0.0,
        "y": 0.0,
        "z": 0.08600906980525391,
        "w": 0.9962943540496629
      }
    },
    {
      "SAP_Location": "04--5-1",
      "position": {
        "x": 2.5326289991865394,
        "y": -0.9131433935766251,
        "z": 0.0
      },
      "orientation": {
        "x": 0.0,
        "y": 0.0,
        "z": 0.08600906980525391,
        "w": 0.9962943540496629
      }
    }
  ]
}