{
  "loc": [
    {
      "SAP_Location": "02--119-1",
      "position": {
        "x": 34.337470320666355,
        "y": 54.882729143960155,
        "z": 0.0
      },
      "orientation": {
        "x": 0.0,
        "y": 0.0,
        "z": 0.6953389806842428,
        "w": 0.7186819198651087
      }
    },
    {
      "SAP_Location": "02--239-1",
      "position": {
        "x": 134.47745644020877,
        "y": 69.79399909050406,
        "z": 0.0
      },
      "orientation": {
        "x": 0.0,
        "y": 0.0,
        "z": 0.6836621620361273,
        "w": 0.7297986353783406
      }
    }
  ]
}