{
    "loc": [
      {
        "position": {
          "x": -841.0,
          "y": 4041.0,
          "z": 0.0
        },
        "orientation": {
          "x": 0.0,
          "y": 0.0,
          "z": 0.0794786626651789,
          "w": 0.9968365674376892
        }
      },
      {
        "position": {
          "x": -472.0,
          "y": 4084.0,
          "z": 0.0
        },
        "orientation": {
          "x": 0.0,
          "y": 0.0,
          "z": 0.0194786626651789,
          "w": 0.9968365674376892
        }
      }
    ]
  }