{
    "loc": [
        {
            "position": {
                "x": -763.7046189185517,
                "y": 3939.262966116199,
                "z": 0.0
            },
            "orientation": {
                "yaw": 0.15912515464257562
            }
        },
        {
            "position": {
                "x": -643.7677293221226,
                "y": 3953.239351624726,
                "z": 0.0
            },
            "orientation": {
                "yaw": 0.09880684242587887
            }
        },
        {
            "position": {
                "x": -523.8308397256936,
                "y": 3967.215737133253,
                "z": 0.0
            },
            "orientation": {
                "yaw": 0.03884402904973666
            }
        }
    ]
}