{
    "loc": [
      {
        "position": {
          "x": 255,
          "y": 281,
          "z": 0.0
        },
        "orientation": {
          "x": 0.0,
          "y": 0.0,
          "z": 0.0794786626651789,
          "w": 0.9968365674376892
        }
      },
      {
        "position": {
          "x": 611,
          "y": 325,
          "z": 0.0
        },
        "orientation": {
          "x": 0.0,
          "y": 0.0,
          "z": 0.1794786626651789,
          "w": 1.9968365674376892
        }
      },
      {
        "position": {
          "x": 711,
          "y": 425,
          "z": 0.0
        },
        "orientation": {
          "x": 0.0,
          "y": 0.0,
          "z": 0.1894786626651789,
          "w": 2.0068365674376892
        }
      }
    ]
  }